"Date","All","Women","Men","Black","Hispanic","White","Black Women","Black Men","Hispanic Women","Hispanic Men","White Women","White Men"
"Dec-2024","60.1%","55.2%","65.2%","59.0%","63.8%","58.9%","57.1%","61.2%","55.8%","71.9%","54.5%","63.6%"
"Nov-2024","60.1%","55.2%","65.2%","59.1%","63.8%","59.0%","57.2%","61.3%","55.8%","71.8%","54.4%","63.6%"
"Oct-2024","60.1%","55.3%","65.2%","59.3%","63.8%","59.0%","57.4%","61.4%","55.8%","71.9%","54.5%","63.7%"
"Sep-2024","60.2%","55.3%","65.2%","59.3%","63.9%","59.0%","57.5%","61.4%","55.9%","71.8%","54.5%","63.7%"
"Aug-2024","60.2%","55.4%","65.3%","59.4%","63.9%","59.0%","57.6%","61.4%","55.9%","71.9%","54.5%","63.7%"
"Jul-2024","60.2%","55.4%","65.3%","59.5%","63.8%","59.1%","57.7%","61.5%","55.8%","71.8%","54.5%","63.8%"
"Jun-2024","60.2%","55.4%","65.3%","59.4%","63.9%","59.1%","57.7%","61.5%","55.9%","71.9%","54.6%","63.8%"
"May-2024","60.3%","55.4%","65.3%","59.5%","63.9%","59.1%","57.8%","61.4%","56.0%","71.8%","54.6%","63.8%"
"Apr-2024","60.3%","55.4%","65.4%","59.5%","63.9%","59.1%","57.9%","61.4%","56.0%","71.8%","54.5%","63.9%"
"Mar-2024","60.3%","55.4%","65.4%","59.6%","63.9%","59.2%","58.0%","61.4%","56.0%","71.8%","54.5%","64.0%"
"Feb-2024","60.3%","55.4%","65.5%","59.7%","63.9%","59.2%","58.0%","61.6%","56.0%","71.8%","54.5%","64.0%"
"Jan-2024","60.3%","55.4%","65.5%","59.7%","63.9%","59.2%","57.9%","61.6%","56.0%","71.7%","54.5%","64.1%"
"Dec-2023","60.3%","55.4%","65.5%","59.6%","63.8%","59.2%","57.8%","61.7%","56.0%","71.6%","54.4%","64.2%"
"Nov-2023","60.3%","55.3%","65.6%","59.5%","63.9%","59.2%","57.7%","61.6%","56.0%","71.7%","54.4%","64.2%"
"Oct-2023","60.3%","55.3%","65.5%","59.4%","63.8%","59.2%","57.5%","61.5%","55.9%","71.6%","54.4%","64.2%"
"Sep-2023","60.3%","55.2%","65.6%","59.3%","63.8%","59.2%","57.3%","61.6%","55.9%","71.6%","54.3%","64.3%"
"Aug-2023","60.2%","55.1%","65.6%","59.2%","63.7%","59.2%","57.2%","61.6%","55.8%","71.6%","54.3%","64.3%"
"Jul-2023","60.2%","55.1%","65.6%","59.1%","63.7%","59.2%","57.0%","61.5%","55.8%","71.6%","54.2%","64.3%"
"Jun-2023","60.2%","55.0%","65.6%","59.1%","63.6%","59.2%","57.0%","61.5%","55.6%","71.6%","54.2%","64.3%"
"May-2023","60.1%","55.0%","65.6%","59.1%","63.5%","59.1%","56.9%","61.6%","55.4%","71.6%","54.2%","64.2%"
"Apr-2023","60.1%","54.9%","65.6%","59.1%","63.5%","59.1%","56.8%","61.7%","55.2%","71.7%","54.2%","64.2%"
"Mar-2023","60.1%","54.9%","65.5%","59.0%","63.4%","59.1%","56.6%","61.7%","55.1%","71.8%","54.2%","64.1%"
"Feb-2023","60.0%","54.8%","65.5%","58.8%","63.4%","59.1%","56.4%","61.5%","55.0%","71.8%","54.3%","64.1%"
"Jan-2023","60.0%","54.8%","65.5%","58.6%","63.5%","59.1%","56.3%","61.3%","54.9%","72.0%","54.2%","64.1%"
"Dec-2022","60.0%","54.7%","65.5%","58.5%","63.5%","59.1%","56.2%","61.1%","54.8%","72.1%","54.2%","64.1%"
"Nov-2022","59.9%","54.7%","65.4%","58.3%","63.4%","59.0%","56.1%","60.8%","54.6%","72.2%","54.2%","64.0%"
"Oct-2022","59.9%","54.7%","65.4%","58.1%","63.4%","59.0%","56.1%","60.5%","54.5%","72.3%","54.2%","64.0%"
"Sep-2022","59.8%","54.6%","65.3%","58.0%","63.3%","59.0%","55.9%","60.3%","54.3%","72.3%","54.2%","63.9%"
"Aug-2022","59.7%","54.5%","65.2%","57.8%","63.1%","58.9%","55.9%","60.0%","53.9%","72.3%","54.1%","63.9%"
"Jul-2022","59.6%","54.3%","65.1%","57.6%","62.9%","58.8%","55.8%","59.7%","53.6%","72.3%","54.0%","63.8%"
"Jun-2022","59.4%","54.2%","65.0%","57.3%","62.8%","58.7%","55.6%","59.4%","53.4%","72.2%","53.9%","63.8%"
"May-2022","59.3%","54.0%","64.8%","57.1%","62.5%","58.6%","55.4%","59.1%","53.1%","72.0%","53.8%","63.7%"
"Apr-2022","59.1%","53.9%","64.7%","56.8%","62.3%","58.5%","55.2%","58.7%","52.9%","71.7%","53.7%","63.6%"
"Mar-2022","58.9%","53.7%","64.5%","56.5%","62.0%","58.4%","55.0%","58.3%","52.6%","71.5%","53.6%","63.5%"
"Feb-2022","58.7%","53.5%","64.3%","56.3%","61.7%","58.3%","54.8%","58.0%","52.3%","71.2%","53.4%","63.3%"
"Jan-2022","58.5%","53.4%","64.1%","56.0%","61.4%","58.1%","54.6%","57.5%","52.1%","70.8%","53.3%","63.2%"
"Dec-2021","58.4%","53.2%","63.9%","55.7%","61.1%","58.0%","54.4%","57.3%","51.8%","70.5%","53.2%","63.1%"
"Nov-2021","58.2%","53.0%","63.7%","55.5%","60.8%","57.9%","54.3%","57.1%","51.5%","70.2%","53.1%","62.9%"
"Oct-2021","58.0%","52.9%","63.5%","55.3%","60.5%","57.8%","54.1%","56.7%","51.3%","69.9%","53.0%","62.8%"
"Sep-2021","57.9%","52.7%","63.4%","55.1%","60.3%","57.7%","54.0%","56.4%","51.1%","69.7%","52.9%","62.8%"
"Aug-2021","57.7%","52.6%","63.2%","54.8%","60.1%","57.6%","53.7%","56.1%","50.8%","69.4%","52.8%","62.7%"
"Jul-2021","57.5%","52.4%","63.1%","54.5%","59.8%","57.5%","53.4%","55.8%","50.7%","69.0%","52.7%","62.6%"
"Jun-2021","57.3%","52.1%","62.8%","54.2%","59.4%","57.3%","53.1%","55.5%","50.4%","68.5%","52.5%","62.4%"
"May-2021","57.0%","51.8%","62.5%","53.7%","59.0%","57.1%","52.7%","55.0%","50.1%","68.0%","52.2%","62.3%"
"Apr-2021","56.6%","51.4%","62.1%","53.2%","58.4%","56.8%","52.1%","54.6%","49.5%","67.3%","51.8%","62.0%"
"Mar-2021","56.0%","50.8%","61.6%","52.7%","57.7%","56.3%","51.5%","54.0%","48.8%","66.6%","51.2%","61.5%"
"Feb-2021","56.2%","50.9%","61.8%","52.9%","57.9%","56.4%","51.7%","54.3%","49.1%","66.7%","51.4%","61.8%"
"Jan-2021","56.5%","51.2%","62.1%","53.3%","58.3%","56.7%","52.2%","54.6%","49.5%","67.1%","51.6%","62.0%"
"Dec-2020","56.8%","51.5%","62.4%","53.7%","58.7%","56.9%","52.6%","55.0%","50.0%","67.6%","51.8%","62.3%"
"Nov-2020","57.1%","51.8%","62.7%","54.1%","59.2%","57.2%","53.0%","55.4%","50.4%","68.0%","52.0%","62.6%"
"Oct-2020","57.4%","52.1%","63.0%","54.5%","59.5%","57.4%","53.3%","55.9%","50.8%","68.4%","52.3%","62.8%"
"Sep-2020","57.7%","52.4%","63.3%","54.9%","59.9%","57.6%","53.7%","56.4%","51.2%","68.7%","52.5%","63.1%"
"Aug-2020","58.0%","52.7%","63.7%","55.5%","60.4%","57.9%","54.2%","57.0%","51.8%","69.1%","52.7%","63.4%"
"Jul-2020","58.4%","53.1%","64.1%","56.0%","60.9%","58.2%","54.7%","57.6%","52.3%","69.6%","53.0%","63.7%"
"Jun-2020","58.9%","53.5%","64.6%","56.6%","61.5%","58.6%","55.2%","58.2%","52.8%","70.3%","53.4%","64.1%"
"May-2020","59.4%","54.0%","65.1%","57.3%","62.1%","59.0%","55.9%","58.9%","53.4%","71.0%","53.8%","64.5%"
"Apr-2020","60.0%","54.6%","65.8%","58.0%","63.0%","59.6%","56.7%","59.7%","54.2%","71.9%","54.3%","65.1%"
"Mar-2020","60.8%","55.4%","66.6%","58.9%","64.0%","60.3%","57.5%","60.5%","55.2%","72.9%","55.0%","65.8%"
"Feb-2020","60.9%","55.5%","66.6%","58.9%","64.1%","60.3%","57.6%","60.5%","55.2%","73.0%","55.1%","65.9%"
"Jan-2020","60.8%","55.4%","66.6%","58.9%","64.0%","60.3%","57.5%","60.5%","55.1%","73.0%","55.0%","65.9%"
"Dec-2019","60.8%","55.4%","66.6%","58.8%","63.9%","60.3%","57.4%","60.5%","55.0%","72.9%","55.0%","65.8%"
"Nov-2019","60.7%","55.3%","66.5%","58.7%","63.9%","60.2%","57.3%","60.4%","55.0%","72.8%","54.9%","65.8%"
"Oct-2019","60.7%","55.3%","66.5%","58.7%","63.8%","60.2%","57.3%","60.4%","55.0%","72.7%","54.9%","65.8%"
"Sep-2019","60.7%","55.2%","66.5%","58.6%","63.7%","60.2%","57.2%","60.3%","54.9%","72.6%","54.9%","65.8%"
"Aug-2019","60.6%","55.2%","66.4%","58.6%","63.6%","60.2%","57.2%","60.2%","54.7%","72.5%","54.8%","65.8%"
"Jul-2019","60.6%","55.1%","66.4%","58.5%","63.5%","60.1%","57.1%","60.2%","54.6%","72.4%","54.8%","65.8%"
"Jun-2019","60.6%","55.1%","66.4%","58.5%","63.5%","60.1%","57.1%","60.1%","54.6%","72.5%","54.8%","65.7%"
"May-2019","60.5%","55.1%","66.3%","58.4%","63.5%","60.1%","57.1%","60.1%","54.5%","72.5%","54.8%","65.7%"
"Apr-2019","60.5%","55.1%","66.3%","58.4%","63.5%","60.1%","57.0%","60.1%","54.5%","72.5%","54.8%","65.7%"
"Mar-2019","60.5%","55.0%","66.3%","58.4%","63.5%","60.1%","57.0%","60.1%","54.4%","72.6%","54.8%","65.7%"
"Feb-2019","60.5%","55.0%","66.3%","58.4%","63.4%","60.1%","57.0%","60.1%","54.3%","72.5%","54.8%","65.7%"
"Jan-2019","60.5%","54.9%","66.3%","58.4%","63.3%","60.1%","56.9%","60.2%","54.2%","72.5%","54.7%","65.7%"
"Dec-2018","60.4%","54.9%","66.3%","58.3%","63.2%","60.1%","56.8%","60.1%","54.1%","72.4%","54.7%","65.7%"
"Nov-2018","60.4%","54.8%","66.3%","58.3%","63.1%","60.1%","56.8%","60.1%","53.8%","72.4%","54.7%","65.7%"
"Oct-2018","60.3%","54.8%","66.3%","58.2%","63.0%","60.1%","56.8%","60.0%","53.7%","72.3%","54.7%","65.7%"
"Sep-2018","60.3%","54.7%","66.3%","58.2%","62.9%","60.0%","56.7%","59.8%","53.5%","72.3%","54.7%","65.7%"
"Aug-2018","60.3%","54.7%","66.3%","58.1%","62.9%","60.0%","56.6%","59.8%","53.5%","72.4%","54.7%","65.7%"
"Jul-2018","60.3%","54.7%","66.3%","58.0%","62.9%","60.0%","56.6%","59.8%","53.4%","72.4%","54.7%","65.7%"
"Jun-2018","60.3%","54.7%","66.2%","58.0%","62.8%","60.0%","56.6%","59.7%","53.4%","72.4%","54.7%","65.7%"
"May-2018","60.2%","54.6%","66.2%","58.0%","62.8%","60.0%","56.5%","59.8%","53.3%","72.4%","54.7%","65.6%"
"Apr-2018","60.2%","54.6%","66.2%","57.9%","62.7%","60.0%","56.4%","59.7%","53.2%","72.4%","54.6%","65.6%"
"Mar-2018","60.2%","54.6%","66.2%","57.9%","62.7%","60.0%","56.4%","59.6%","53.1%","72.3%","54.6%","65.6%"
"Feb-2018","60.2%","54.6%","66.1%","57.7%","62.7%","60.0%","56.3%","59.5%","53.2%","72.3%","54.6%","65.6%"
"Jan-2018","60.1%","54.6%","66.1%","57.6%","62.7%","59.9%","56.1%","59.3%","53.2%","72.3%","54.6%","65.5%"
"Dec-2017","60.1%","54.6%","66.0%","57.5%","62.7%","59.9%","56.1%","59.2%","53.2%","72.3%","54.6%","65.5%"
"Nov-2017","60.1%","54.5%","66.0%","57.4%","62.7%","59.9%","56.0%","59.2%","53.2%","72.2%","54.6%","65.5%"
"Oct-2017","60.1%","54.5%","66.0%","57.4%","62.6%","59.9%","55.9%","59.2%","53.1%","72.1%","54.6%","65.4%"
"Sep-2017","60.0%","54.5%","66.0%","57.3%","62.6%","59.8%","55.7%","59.1%","53.1%","72.1%","54.5%","65.4%"
"Aug-2017","60.0%","54.4%","65.9%","57.2%","62.5%","59.8%","55.7%","59.0%","53.0%","72.0%","54.5%","65.4%"
"Jul-2017","59.9%","54.4%","65.9%","57.1%","62.5%","59.8%","55.6%","58.9%","53.0%","72.0%","54.5%","65.4%"
"Jun-2017","59.9%","54.3%","65.9%","57.0%","62.4%","59.8%","55.4%","58.8%","52.9%","72.0%","54.5%","65.4%"
"May-2017","59.9%","54.2%","65.9%","56.8%","62.3%","59.8%","55.3%","58.7%","52.7%","72.0%","54.4%","65.4%"
"Apr-2017","59.8%","54.2%","65.8%","56.7%","62.2%","59.8%","55.1%","58.6%","52.7%","71.9%","54.5%","65.4%"
"Mar-2017","59.8%","54.2%","65.8%","56.5%","62.2%","59.8%","54.9%","58.4%","52.5%","71.8%","54.5%","65.4%"
"Feb-2017","59.8%","54.1%","65.8%","56.4%","62.1%","59.8%","54.7%","58.4%","52.4%","71.8%","54.5%","65.4%"
"Jan-2017","59.7%","54.1%","65.8%","56.3%","62.1%","59.8%","54.7%","58.3%","52.3%","71.9%","54.5%","65.4%"
"Dec-2016","59.7%","54.1%","65.8%","56.2%","62.0%","59.8%","54.6%","58.2%","52.3%","71.9%","54.5%","65.4%"
"Nov-2016","59.7%","54.1%","65.8%","56.2%","62.0%","59.8%","54.6%","58.1%","52.2%","71.8%","54.5%","65.4%"
"Oct-2016","59.7%","54.1%","65.7%","56.1%","62.0%","59.8%","54.6%","57.9%","52.2%","71.8%","54.5%","65.4%"
"Sep-2016","59.7%","54.0%","65.7%","56.0%","61.9%","59.8%","54.6%","57.7%","52.1%","71.8%","54.5%","65.4%"
"Aug-2016","59.6%","54.0%","65.6%","55.9%","61.9%","59.8%","54.5%","57.6%","52.0%","71.8%","54.5%","65.4%"
"Jul-2016","59.6%","54.0%","65.6%","55.8%","61.8%","59.8%","54.5%","57.4%","51.9%","71.7%","54.4%","65.4%"
"Jun-2016","59.5%","53.9%","65.6%","55.8%","61.7%","59.7%","54.5%","57.3%","51.9%","71.6%","54.4%","65.4%"
"May-2016","59.5%","53.9%","65.5%","55.7%","61.7%","59.7%","54.5%","57.2%","52.0%","71.5%","54.4%","65.4%"
"Apr-2016","59.5%","53.9%","65.5%","55.7%","61.7%","59.7%","54.5%","57.1%","52.0%","71.5%","54.3%","65.4%"
"Mar-2016","59.5%","53.9%","65.5%","55.7%","61.7%","59.7%","54.5%","57.1%","52.0%","71.5%","54.3%","65.4%"
"Feb-2016","59.4%","53.8%","65.4%","55.6%","61.7%","59.6%","54.5%","57.0%","51.9%","71.4%","54.2%","65.3%"
"Jan-2016","59.4%","53.8%","65.4%","55.5%","61.6%","59.6%","54.4%","56.9%","51.8%","71.4%","54.2%","65.3%"
"Dec-2015","59.3%","53.7%","65.3%","55.4%","61.6%","59.6%","54.3%","56.8%","51.8%","71.5%","54.2%","65.2%"
"Nov-2015","59.3%","53.7%","65.3%","55.3%","61.6%","59.5%","54.2%","56.6%","51.7%","71.6%","54.2%","65.2%"
"Oct-2015","59.3%","53.7%","65.3%","55.2%","61.7%","59.5%","54.0%","56.6%","51.7%","71.7%","54.2%","65.2%"
"Sep-2015","59.3%","53.7%","65.3%","55.1%","61.7%","59.5%","53.9%","56.5%","51.7%","71.7%","54.2%","65.2%"
"Aug-2015","59.3%","53.7%","65.3%","55.0%","61.7%","59.5%","53.8%","56.5%","51.7%","71.7%","54.2%","65.2%"
"Jul-2015","59.3%","53.6%","65.3%","54.8%","61.7%","59.5%","53.5%","56.4%","51.7%","71.7%","54.2%","65.2%"
"Jun-2015","59.2%","53.6%","65.3%","54.7%","61.7%","59.5%","53.4%","56.3%","51.7%","71.7%","54.2%","65.1%"
"May-2015","59.2%","53.6%","65.2%","54.6%","61.6%","59.5%","53.2%","56.3%","51.6%","71.6%","54.2%","65.1%"
"Apr-2015","59.2%","53.6%","65.2%","54.5%","61.5%","59.5%","53.1%","56.1%","51.5%","71.5%","54.2%","65.0%"
"Mar-2015","59.1%","53.6%","65.1%","54.3%","61.5%","59.5%","53.0%","55.8%","51.5%","71.4%","54.2%","65.0%"
"Feb-2015","59.1%","53.6%","65.0%","54.2%","61.4%","59.4%","53.0%","55.7%","51.4%","71.3%","54.2%","65.0%"
"Jan-2015","59.1%","53.5%","64.9%","54.2%","61.3%","59.4%","53.0%","55.5%","51.4%","71.2%","54.2%","64.9%"
"Dec-2014","59.0%","53.5%","64.9%","54.0%","61.2%","59.4%","52.9%","55.4%","51.4%","71.0%","54.2%","64.9%"
"Nov-2014","59.0%","53.5%","64.8%","53.9%","61.0%","59.4%","52.8%","55.2%","51.3%","70.7%","54.2%","64.9%"
"Oct-2014","58.9%","53.4%","64.8%","53.8%","60.9%","59.4%","52.7%","55.1%","51.2%","70.5%","54.2%","64.9%"
"Sep-2014","58.8%","53.4%","64.7%","53.6%","60.7%","59.3%","52.5%","55.0%","51.0%","70.3%","54.1%","64.8%"
"Aug-2014","58.8%","53.4%","64.6%","53.5%","60.6%","59.3%","52.5%","54.8%","51.0%","70.1%","54.1%","64.8%"
"Jul-2014","58.8%","53.4%","64.5%","53.4%","60.5%","59.3%","52.5%","54.6%","50.9%","70.1%","54.2%","64.8%"
"Jun-2014","58.7%","53.4%","64.5%","53.3%","60.5%","59.3%","52.4%","54.4%","50.8%","70.1%","54.2%","64.7%"
"May-2014","58.7%","53.3%","64.5%","53.2%","60.4%","59.3%","52.3%","54.2%","50.7%","70.0%","54.2%","64.7%"
"Apr-2014","58.7%","53.3%","64.4%","53.1%","60.4%","59.3%","52.3%","54.1%","50.7%","70.0%","54.1%","64.7%"
"Mar-2014","58.7%","53.3%","64.4%","53.0%","60.3%","59.3%","52.2%","54.0%","50.6%","69.9%","54.1%","64.7%"
"Feb-2014","58.6%","53.2%","64.4%","53.0%","60.1%","59.3%","52.2%","54.0%","50.5%","69.8%","54.1%","64.7%"
"Jan-2014","58.6%","53.2%","64.4%","52.9%","60.1%","59.3%","52.0%","54.1%","50.4%","69.7%","54.0%","64.8%"
"Dec-2013","58.6%","53.2%","64.4%","52.9%","60.0%","59.2%","52.0%","54.1%","50.4%","69.6%","54.0%","64.8%"
"Nov-2013","58.6%","53.2%","64.4%","52.9%","60.0%","59.2%","51.9%","54.1%","50.4%","69.5%","54.0%","64.8%"
"Oct-2013","58.6%","53.2%","64.4%","52.9%","59.9%","59.3%","51.9%","54.0%","50.4%","69.4%","54.0%","64.9%"
"Sep-2013","58.6%","53.2%","64.5%","52.9%","59.9%","59.3%","52.1%","53.9%","50.4%","69.4%","54.0%","65.0%"
"Aug-2013","58.6%","53.2%","64.5%","52.8%","59.9%","59.4%","52.0%","53.7%","50.4%","69.3%","54.0%","65.0%"
"Jul-2013","58.6%","53.2%","64.5%","52.8%","59.8%","59.4%","52.1%","53.7%","50.4%","69.2%","54.0%","65.0%"
"Jun-2013","58.6%","53.1%","64.5%","52.8%","59.8%","59.3%","52.1%","53.6%","50.3%","69.1%","54.0%","65.1%"
"May-2013","58.6%","53.1%","64.5%","52.8%","59.7%","59.4%","52.1%","53.7%","50.4%","69.0%","54.0%","65.1%"
"Apr-2013","58.6%","53.1%","64.5%","52.8%","59.6%","59.4%","52.1%","53.7%","50.4%","68.8%","53.9%","65.1%"
"Mar-2013","58.6%","53.1%","64.4%","52.8%","59.6%","59.3%","52.2%","53.6%","50.4%","68.8%","53.9%","65.1%"
"Feb-2013","58.6%","53.1%","64.4%","52.8%","59.6%","59.4%","52.2%","53.5%","50.5%","68.7%","53.9%","65.1%"
"Jan-2013","58.6%","53.1%","64.4%","52.8%","59.6%","59.4%","52.3%","53.4%","50.5%","68.6%","53.9%","65.1%"
"Dec-2012","58.6%","53.1%","64.4%","52.7%","59.5%","59.4%","52.2%","53.4%","50.4%","68.6%","54.0%","65.1%"
"Nov-2012","58.6%","53.1%","64.4%","52.7%","59.5%","59.4%","52.1%","53.5%","50.4%","68.6%","54.0%","65.1%"
"Oct-2012","58.5%","53.1%","64.4%","52.6%","59.5%","59.4%","52.0%","53.5%","50.3%","68.6%","54.0%","65.1%"
"Sep-2012","58.5%","53.1%","64.3%","52.6%","59.5%","59.4%","51.8%","53.5%","50.3%","68.5%","54.0%","65.0%"
"Aug-2012","58.5%","53.1%","64.2%","52.5%","59.4%","59.4%","51.8%","53.5%","50.3%","68.4%","54.0%","65.0%"
"Jul-2012","58.5%","53.1%","64.2%","52.5%","59.4%","59.4%","51.6%","53.4%","50.2%","68.4%","54.1%","65.0%"
"Jun-2012","58.5%","53.1%","64.2%","52.3%","59.3%","59.4%","51.5%","53.3%","50.1%","68.3%","54.1%","65.0%"
"May-2012","58.4%","53.1%","64.1%","52.2%","59.3%","59.4%","51.3%","53.2%","49.9%","68.3%","54.2%","64.9%"
"Apr-2012","58.4%","53.1%","64.1%","52.0%","59.1%","59.4%","51.2%","53.0%","49.7%","68.2%","54.2%","64.9%"
"Mar-2012","58.4%","53.1%","64.0%","51.9%","59.1%","59.5%","51.0%","52.9%","49.6%","68.1%","54.3%","64.9%"
"Feb-2012","58.4%","53.2%","64.0%","51.8%","59.0%","59.5%","50.9%","52.8%","49.5%","68.1%","54.4%","64.8%"
"Jan-2012","58.4%","53.2%","63.9%","51.7%","58.9%","59.5%","50.8%","52.7%","49.3%","68.0%","54.5%","64.8%"
"Dec-2011","58.4%","53.2%","63.9%","51.6%","58.9%","59.5%","50.9%","52.5%","49.3%","67.9%","54.5%","64.7%"
"Nov-2011","58.4%","53.2%","63.8%","51.6%","58.8%","59.5%","51.0%","52.4%","49.2%","67.7%","54.5%","64.7%"
"Oct-2011","58.3%","53.2%","63.7%","51.7%","58.7%","59.4%","51.0%","52.5%","49.2%","67.7%","54.6%","64.6%"
"Sep-2011","58.3%","53.2%","63.7%","51.7%","58.6%","59.4%","51.0%","52.5%","49.1%","67.6%","54.6%","64.6%"
"Aug-2011","58.3%","53.3%","63.7%","51.7%","58.7%","59.4%","51.0%","52.4%","49.1%","67.6%","54.6%","64.6%"
"Jul-2011","58.4%","53.3%","63.7%","51.7%","58.7%","59.4%","51.1%","52.5%","49.1%","67.6%","54.6%","64.6%"
"Jun-2011","58.4%","53.3%","63.7%","51.9%","58.7%","59.5%","51.2%","52.6%","49.1%","67.7%","54.7%","64.5%"
"May-2011","58.4%","53.4%","63.7%","52.0%","58.7%","59.5%","51.4%","52.7%","49.2%","67.7%","54.7%","64.5%"
"Apr-2011","58.4%","53.4%","63.7%","52.1%","58.8%","59.5%","51.5%","52.9%","49.3%","67.8%","54.7%","64.5%"
"Mar-2011","58.5%","53.5%","63.8%","52.2%","58.9%","59.5%","51.6%","52.9%","49.3%","67.9%","54.7%","64.5%"
"Feb-2011","58.5%","53.5%","63.8%","52.3%","58.9%","59.5%","51.7%","52.9%","49.4%","67.9%","54.7%","64.5%"
"Jan-2011","58.5%","53.5%","63.7%","52.3%","59.0%","59.4%","51.8%","53.0%","49.5%","68.0%","54.7%","64.5%"
"Dec-2010","58.5%","53.6%","63.7%","52.3%","59.0%","59.5%","51.8%","53.0%","49.6%","68.0%","54.8%","64.4%"
"Nov-2010","58.5%","53.6%","63.7%","52.3%","59.1%","59.5%","51.8%","52.9%","49.6%","68.0%","54.8%","64.4%"
"Oct-2010","58.5%","53.6%","63.7%","52.3%","59.1%","59.5%","51.8%","52.9%","49.7%","68.1%","54.9%","64.4%"
"Sep-2010","58.5%","53.7%","63.7%","52.2%","59.2%","59.5%","51.7%","52.8%","49.7%","68.1%","54.9%","64.4%"
"Aug-2010","58.5%","53.7%","63.7%","52.3%","59.2%","59.5%","51.8%","52.9%","49.7%","68.1%","54.9%","64.4%"
"Jul-2010","58.6%","53.8%","63.7%","52.3%","59.1%","59.6%","51.9%","52.9%","49.7%","68.1%","55.0%","64.5%"
"Jun-2010","58.7%","53.8%","63.8%","52.5%","59.2%","59.6%","52.0%","53.0%","49.8%","68.1%","55.1%","64.5%"
"May-2010","58.7%","53.9%","63.9%","52.5%","59.3%","59.7%","52.1%","53.0%","49.8%","68.2%","55.1%","64.6%"
"Apr-2010","58.8%","54.0%","63.9%","52.6%","59.3%","59.8%","52.2%","53.0%","49.8%","68.2%","55.2%","64.6%"
"Mar-2010","58.9%","54.1%","64.0%","52.6%","59.4%","59.9%","52.3%","53.0%","49.9%","68.4%","55.3%","64.7%"
"Feb-2010","59.0%","54.2%","64.1%","52.8%","59.5%","60.0%","52.5%","53.2%","50.0%","68.5%","55.4%","64.8%"
"Jan-2010","59.1%","54.3%","64.3%","52.9%","59.6%","60.1%","52.6%","53.4%","50.0%","68.6%","55.5%","65.0%"
"Dec-2009","59.3%","54.4%","64.5%","53.2%","59.7%","60.3%","52.8%","53.6%","50.1%","68.9%","55.6%","65.3%"
"Nov-2009","59.6%","54.6%","64.8%","53.5%","60.0%","60.5%","53.2%","53.9%","50.2%","69.3%","55.8%","65.5%"
"Oct-2009","59.8%","54.8%","65.1%","53.8%","60.2%","60.7%","53.4%","54.2%","50.2%","69.6%","55.9%","65.8%"
"Sep-2009","60.1%","55.0%","65.5%","54.1%","60.5%","61.0%","53.7%","54.6%","50.4%","70.0%","56.1%","66.1%"
"Aug-2009","60.3%","55.1%","65.8%","54.5%","60.8%","61.2%","54.0%","55.1%","50.5%","70.5%","56.3%","66.4%"
"Jul-2009","60.6%","55.3%","66.2%","54.9%","61.2%","61.4%","54.2%","55.7%","50.8%","70.9%","56.4%","66.7%"
"Jun-2009","60.8%","55.5%","66.5%","55.2%","61.4%","61.6%","54.5%","56.1%","50.9%","71.4%","56.5%","67.1%"
"May-2009","61.1%","55.6%","66.9%","55.6%","61.8%","61.9%","54.7%","56.6%","51.1%","71.8%","56.7%","67.4%"
"Apr-2009","61.3%","55.8%","67.2%","55.9%","62.1%","62.0%","54.9%","57.1%","51.4%","72.3%","56.8%","67.7%"
"Mar-2009","61.5%","55.9%","67.6%","56.3%","62.4%","62.2%","55.2%","57.6%","51.5%","72.7%","56.9%","68.0%"
"Feb-2009","61.8%","56.0%","67.9%","56.6%","62.7%","62.4%","55.4%","58.0%","51.6%","73.2%","57.0%","68.3%"
"Jan-2009","62.0%","56.1%","68.2%","56.9%","63.0%","62.6%","55.6%","58.5%","51.7%","73.7%","57.0%","68.5%"
"Dec-2008","62.2%","56.2%","68.5%","57.2%","63.3%","62.8%","55.8%","58.9%","51.9%","74.1%","57.1%","68.7%"
"Nov-2008","62.3%","56.3%","68.7%","57.4%","63.5%","62.9%","55.9%","59.2%","52.0%","74.5%","57.2%","68.9%"
"Oct-2008","62.5%","56.4%","68.9%","57.5%","63.8%","63.0%","55.9%","59.5%","52.1%","74.8%","57.3%","69.1%"
"Sep-2008","62.5%","56.4%","69.1%","57.7%","64.0%","63.0%","56.0%","59.7%","52.3%","75.0%","57.3%","69.2%"
"Aug-2008","62.6%","56.5%","69.2%","57.9%","64.1%","63.1%","56.2%","59.9%","52.5%","75.1%","57.3%","69.3%"
"Jul-2008","62.7%","56.5%","69.3%","58.0%","64.3%","63.1%","56.3%","60.0%","52.6%","75.3%","57.3%","69.3%"
"Jun-2008","62.7%","56.6%","69.3%","58.1%","64.4%","63.2%","56.3%","60.2%","52.7%","75.5%","57.3%","69.4%"
"May-2008","62.8%","56.6%","69.4%","58.1%","64.5%","63.2%","56.4%","60.3%","52.7%","75.6%","57.3%","69.5%"
"Apr-2008","62.8%","56.6%","69.5%","58.2%","64.5%","63.3%","56.5%","60.3%","52.7%","75.7%","57.3%","69.6%"
"Mar-2008","62.9%","56.6%","69.6%","58.2%","64.6%","63.3%","56.5%","60.4%","52.7%","75.9%","57.3%","69.6%"
"Feb-2008","62.9%","56.6%","69.7%","58.3%","64.8%","63.3%","56.5%","60.4%","52.8%","76.0%","57.3%","69.7%"
"Jan-2008","63.0%","56.6%","69.7%","58.3%","64.8%","63.4%","56.6%","60.4%","52.9%","76.1%","57.4%","69.8%"
"Dec-2007","63.0%","56.6%","69.8%","58.4%","64.9%","63.4%","56.6%","60.4%","53.0%","76.2%","57.3%","69.8%"
"Nov-2007","63.0%","56.7%","69.8%","58.5%","65.1%","63.4%","56.7%","60.6%","53.1%","76.3%","57.4%","69.9%"
"Oct-2007","63.1%","56.7%","69.9%","58.5%","65.1%","63.5%","56.8%","60.6%","53.1%","76.4%","57.4%","70.0%"
"Sep-2007","63.1%","56.7%","70.0%","58.6%","65.2%","63.5%","56.9%","60.7%","53.1%","76.5%","57.4%","70.0%"
"Aug-2007","63.1%","56.7%","70.0%","58.6%","65.1%","63.5%","56.9%","60.6%","52.9%","76.6%","57.4%","70.1%"
"Jul-2007","63.2%","56.7%","70.1%","58.6%","65.1%","63.6%","57.0%","60.5%","52.9%","76.6%","57.4%","70.2%"
"Jun-2007","63.2%","56.7%","70.1%","58.5%","65.1%","63.6%","56.9%","60.4%","52.9%","76.6%","57.4%","70.2%"
"May-2007","63.2%","56.7%","70.1%","58.5%","65.1%","63.6%","56.9%","60.4%","53.0%","76.7%","57.4%","70.2%"
"Apr-2007","63.2%","56.7%","70.1%","58.5%","65.2%","63.6%","56.9%","60.5%","53.0%","76.7%","57.4%","70.2%"
"Mar-2007","63.2%","56.7%","70.1%","58.5%","65.2%","63.6%","56.8%","60.5%","53.0%","76.7%","57.4%","70.2%"
"Feb-2007","63.2%","56.7%","70.1%","58.5%","65.2%","63.6%","56.7%","60.5%","52.9%","76.8%","57.4%","70.2%"
"Jan-2007","63.2%","56.7%","70.1%","58.4%","65.2%","63.6%","56.7%","60.5%","52.9%","76.8%","57.4%","70.2%"
"Dec-2006","63.1%","56.6%","70.1%","58.3%","65.2%","63.6%","56.5%","60.4%","52.8%","76.8%","57.3%","70.2%"
"Nov-2006","63.1%","56.6%","70.0%","58.2%","65.0%","63.5%","56.5%","60.2%","52.7%","76.7%","57.3%","70.2%"
"Oct-2006","63.0%","56.5%","70.0%","58.1%","64.9%","63.5%","56.4%","60.1%","52.6%","76.6%","57.3%","70.1%"
"Sep-2006","63.0%","56.5%","69.9%","58.1%","64.8%","63.4%","56.4%","60.1%","52.5%","76.5%","57.2%","70.1%"
"Aug-2006","63.0%","56.5%","69.9%","58.1%","64.8%","63.4%","56.4%","60.2%","52.4%","76.4%","57.2%","70.0%"
"Jul-2006","62.9%","56.5%","69.9%","58.1%","64.7%","63.4%","56.3%","60.2%","52.3%","76.5%","57.2%","70.0%"
"Jun-2006","62.9%","56.4%","69.9%","58.1%","64.7%","63.4%","56.2%","60.4%","52.2%","76.5%","57.2%","70.0%"
"May-2006","62.9%","56.4%","69.8%","58.1%","64.5%","63.4%","56.2%","60.4%","52.0%","76.4%","57.2%","70.0%"
"Apr-2006","62.8%","56.3%","69.8%","58.1%","64.4%","63.4%","56.2%","60.4%","51.9%","76.3%","57.2%","70.0%"
"Mar-2006","62.8%","56.3%","69.8%","58.0%","64.3%","63.4%","56.1%","60.4%","51.8%","76.2%","57.2%","70.0%"
"Feb-2006","62.8%","56.3%","69.7%","57.9%","64.2%","63.3%","56.1%","60.3%","51.7%","76.1%","57.1%","69.9%"
"Jan-2006","62.7%","56.3%","69.7%","57.8%","64.1%","63.3%","56.0%","60.1%","51.6%","75.9%","57.1%","69.9%"
"Dec-2005","62.7%","56.2%","69.6%","57.8%","64.0%","63.3%","55.9%","60.0%","51.5%","75.8%","57.1%","69.9%"
"Nov-2005","62.7%","56.2%","69.6%","57.7%","63.9%","63.3%","55.9%","60.0%","51.4%","75.7%","57.1%","69.8%"
"Oct-2005","62.6%","56.2%","69.5%","57.7%","63.9%","63.2%","55.8%","59.9%","51.4%","75.7%","57.1%","69.8%"
"Sep-2005","62.6%","56.1%","69.5%","57.5%","63.9%","63.2%","55.7%","59.8%","51.4%","75.7%","57.1%","69.8%"
"Aug-2005","62.5%","56.1%","69.5%","57.5%","63.9%","63.2%","55.7%","59.7%","51.4%","75.7%","57.0%","69.8%"
"Jul-2005","62.5%","56.1%","69.4%","57.4%","63.9%","63.1%","55.7%","59.5%","51.5%","75.6%","56.9%","69.7%"
"Jun-2005","62.5%","56.0%","69.4%","57.2%","63.9%","63.1%","55.6%","59.2%","51.5%","75.6%","56.9%","69.7%"
"May-2005","62.4%","56.0%","69.3%","57.1%","63.9%","63.1%","55.5%","59.1%","51.6%","75.5%","56.9%","69.7%"
"Apr-2005","62.4%","56.0%","69.2%","57.0%","63.9%","63.0%","55.4%","59.0%","51.7%","75.5%","56.9%","69.6%"
"Mar-2005","62.4%","56.0%","69.2%","57.0%","63.9%","63.0%","55.5%","58.8%","51.8%","75.4%","56.9%","69.6%"
"Feb-2005","62.3%","56.0%","69.2%","57.0%","63.9%","63.0%","55.5%","58.9%","51.8%","75.3%","56.8%","69.5%"
"Jan-2005","62.3%","56.0%","69.2%","57.1%","63.8%","63.0%","55.6%","59.0%","51.8%","75.1%","56.8%","69.5%"
"Dec-2004","62.3%","56.0%","69.2%","57.1%","63.8%","63.0%","55.6%","59.1%","51.8%","75.1%","56.8%","69.6%"
"Nov-2004","62.3%","55.9%","69.2%","57.2%","63.7%","62.9%","55.5%","59.2%","51.8%","75.1%","56.8%","69.5%"
"Oct-2004","62.3%","55.9%","69.2%","57.2%","63.7%","62.9%","55.5%","59.2%","51.8%","75.0%","56.8%","69.5%"
"Sep-2004","62.3%","55.9%","69.1%","57.2%","63.6%","62.9%","55.5%","59.2%","51.7%","74.9%","56.8%","69.5%"
"Aug-2004","62.3%","55.9%","69.1%","57.2%","63.5%","62.9%","55.5%","59.3%","51.5%","74.8%","56.8%","69.5%"
"Jul-2004","62.2%","55.9%","69.0%","57.2%","63.3%","62.9%","55.5%","59.3%","51.4%","74.7%","56.8%","69.4%"
"Jun-2004","62.2%","55.9%","69.0%","57.2%","63.2%","62.9%","55.5%","59.4%","51.3%","74.4%","56.8%","69.4%"
"May-2004","62.2%","56.0%","68.9%","57.3%","63.0%","62.9%","55.6%","59.4%","51.2%","74.3%","56.9%","69.4%"
"Apr-2004","62.2%","56.0%","68.9%","57.4%","62.9%","62.9%","55.8%","59.4%","51.1%","74.2%","56.9%","69.4%"
"Mar-2004","62.2%","56.0%","68.9%","57.4%","62.9%","62.9%","55.7%","59.4%","51.1%","74.2%","56.9%","69.4%"
"Feb-2004","62.2%","56.0%","68.9%","57.4%","62.9%","63.0%","55.8%","59.4%","51.1%","74.2%","57.0%","69.4%"
"Jan-2004","62.3%","56.1%","68.9%","57.4%","63.0%","63.0%","55.7%","59.4%","51.1%","74.3%","57.0%","69.4%"
"Dec-2003","62.3%","56.1%","68.9%","57.4%","63.1%","63.0%","55.8%","59.4%","51.2%","74.3%","57.1%","69.3%"
"Nov-2003","62.3%","56.2%","68.9%","57.4%","63.1%","63.0%","56.0%","59.3%","51.4%","74.2%","57.1%","69.4%"
"Oct-2003","62.3%","56.2%","68.9%","57.4%","63.1%","63.0%","56.0%","59.3%","51.5%","74.2%","57.1%","69.4%"
"Sep-2003","62.3%","56.2%","69.0%","57.6%","63.1%","63.1%","56.1%","59.4%","51.6%","74.2%","57.1%","69.4%"
"Aug-2003","62.4%","56.3%","69.1%","57.7%","63.2%","63.1%","56.1%","59.6%","51.8%","74.2%","57.1%","69.5%"
"Jul-2003","62.5%","56.3%","69.1%","57.7%","63.4%","63.2%","56.1%","59.7%","52.0%","74.2%","57.1%","69.6%"
"Jun-2003","62.5%","56.3%","69.2%","57.7%","63.5%","63.2%","56.1%","59.8%","52.2%","74.4%","57.1%","69.7%"
"May-2003","62.6%","56.3%","69.3%","57.8%","63.6%","63.2%","56.1%","59.9%","52.3%","74.4%","57.1%","69.8%"
"Apr-2003","62.6%","56.3%","69.4%","57.8%","63.7%","63.3%","55.9%","60.1%","52.4%","74.5%","57.1%","69.9%"
"Mar-2003","62.6%","56.3%","69.5%","57.9%","63.7%","63.3%","55.9%","60.3%","52.5%","74.5%","57.0%","70.0%"
"Feb-2003","62.7%","56.3%","69.6%","57.9%","63.8%","63.3%","55.9%","60.5%","52.7%","74.4%","57.0%","70.0%"
"Jan-2003","62.7%","56.3%","69.6%","58.0%","63.9%","63.3%","55.9%","60.6%","52.8%","74.5%","57.0%","70.1%"
"Dec-2002","62.7%","56.3%","69.7%","58.1%","63.9%","63.3%","55.9%","60.8%","52.9%","74.5%","57.0%","70.2%"
"Nov-2002","62.8%","56.3%","69.8%","58.2%","64.0%","63.4%","55.9%","61.0%","53.0%","74.6%","57.0%","70.2%"
"Oct-2002","62.8%","56.3%","69.9%","58.2%","64.0%","63.4%","55.9%","61.2%","53.0%","74.6%","57.0%","70.3%"
"Sep-2002","62.9%","56.3%","69.9%","58.3%","64.1%","63.4%","56.0%","61.2%","53.1%","74.7%","57.0%","70.3%"
"Aug-2002","62.9%","56.4%","70.0%","58.3%","64.2%","63.5%","56.0%","61.3%","53.1%","74.9%","57.1%","70.4%"
"Jul-2002","62.9%","56.4%","70.0%","58.4%","64.2%","63.5%","56.1%","61.3%","53.1%","75.0%","57.1%","70.5%"
"Jun-2002","63.0%","56.5%","70.1%","58.6%","64.3%","63.6%","56.4%","61.5%","53.1%","75.1%","57.1%","70.5%"
"May-2002","63.1%","56.5%","70.2%","58.8%","64.3%","63.7%","56.7%","61.5%","53.1%","75.1%","57.2%","70.6%"
"Apr-2002","63.2%","56.6%","70.3%","59.0%","64.4%","63.7%","56.9%","61.5%","53.1%","75.2%","57.2%","70.7%"
"Mar-2002","63.3%","56.7%","70.4%","59.1%","64.5%","63.8%","57.2%","61.5%","53.1%","75.5%","57.3%","70.8%"
"Feb-2002","63.4%","56.8%","70.6%","59.3%","64.7%","63.9%","57.5%","61.6%","53.1%","75.8%","57.4%","71.0%"
"Jan-2002","63.5%","56.9%","70.7%","59.5%","64.8%","64.0%","57.7%","61.8%","53.2%","75.9%","57.4%","71.1%"
"Dec-2001","63.7%","57.0%","70.9%","59.7%","64.9%","64.1%","57.9%","61.9%","53.3%","76.2%","57.5%","71.2%"
"Nov-2001","63.8%","57.1%","71.0%","59.8%","65.1%","64.2%","58.1%","62.0%","53.4%","76.4%","57.6%","71.4%"
"Oct-2001","63.9%","57.2%","71.2%","60.1%","65.2%","64.3%","58.3%","62.3%","53.5%","76.5%","57.7%","71.5%"
"Sep-2001","64.0%","57.3%","71.3%","60.2%","65.3%","64.4%","58.4%","62.4%","53.6%","76.6%","57.7%","71.6%"
"Aug-2001","64.0%","57.3%","71.3%","60.3%","65.4%","64.4%","58.5%","62.4%","53.7%","76.6%","57.7%","71.7%"
"Jul-2001","64.1%","57.4%","71.5%","60.3%","65.4%","64.5%","58.6%","62.5%","53.7%","76.8%","57.8%","71.8%"
"Jun-2001","64.2%","57.4%","71.5%","60.3%","65.4%","64.6%","58.5%","62.6%","53.6%","76.9%","57.8%","71.9%"
"May-2001","64.2%","57.4%","71.6%","60.4%","65.6%","64.6%","58.5%","62.7%","53.6%","77.1%","57.9%","72.0%"
"Apr-2001","64.3%","57.5%","71.7%","60.4%","65.7%","64.7%","58.5%","62.8%","53.7%","77.2%","57.9%","72.0%"
"Mar-2001","64.3%","57.5%","71.8%","60.5%","65.7%","64.8%","58.5%","63.0%","53.7%","77.2%","58.0%","72.1%"
"Feb-2001","64.4%","57.5%","71.8%","60.6%","65.7%","64.8%","58.5%","63.2%","53.6%","77.3%","58.0%","72.2%"
"Jan-2001","64.4%","57.5%","71.9%","60.7%","65.7%","64.8%","58.6%","63.3%","53.6%","77.4%","58.0%","72.2%"
"Dec-2000","64.4%","57.5%","71.9%","60.7%","65.7%","64.8%","58.6%","63.3%","53.6%","77.4%","57.9%","72.2%"
"Nov-2000","64.4%","57.5%","71.9%","60.7%","65.6%","64.9%","58.6%","63.3%","53.5%","77.3%","58.0%","72.3%"
"Oct-2000","64.4%","57.5%","71.9%","60.7%","65.5%","64.9%","58.6%","63.3%","53.3%","77.3%","58.0%","72.3%"
"Sep-2000","64.4%","57.5%","71.9%","60.7%","65.2%","64.9%","58.6%","63.2%","53.1%","77.2%","58.1%","72.3%"
"Aug-2000","64.4%","57.5%","71.9%","60.7%","65.0%","65.0%","58.7%","63.2%","52.8%","77.0%","58.1%","72.4%"
"Jul-2000","64.4%","57.5%","71.8%","60.8%","64.9%","65.0%","58.7%","63.3%","52.8%","76.9%","58.1%","72.4%"
"Jun-2000","64.4%","57.6%","71.8%","60.8%","64.8%","65.0%","58.8%","63.2%","52.7%","76.7%","58.1%","72.4%"
"May-2000","64.4%","57.6%","71.8%","60.8%","64.5%","65.0%","58.8%","63.3%","52.7%","76.4%","58.1%","72.5%"
"Apr-2000","64.4%","57.6%","71.8%","60.8%","64.3%","65.1%","58.7%","63.3%","52.5%","76.1%","58.2%","72.5%"
"Mar-2000","64.3%","57.5%","71.8%","60.7%","64.0%","65.1%","58.7%","63.2%","52.3%","75.9%","58.1%","72.5%"
"Feb-2000","64.3%","57.5%","71.7%","60.6%","63.9%","65.1%","58.6%","63.1%","52.1%","75.7%","58.1%","72.5%"
"Jan-2000","64.3%","57.4%","71.7%","60.5%","63.6%","65.1%","58.6%","62.9%","52.0%","75.5%","58.1%","72.5%"
"Dec-1999","64.3%","57.4%","71.6%","60.5%","63.4%","65.1%","58.6%","62.9%","51.7%","75.3%","58.1%","72.5%"
"Nov-1999","64.2%","57.4%","71.6%","60.5%","63.2%","65.1%","58.6%","62.8%","51.5%","75.1%","58.1%","72.5%"
"Oct-1999","64.2%","57.4%","71.7%","60.4%","63.2%","65.1%","58.5%","62.8%","51.4%","75.1%","58.1%","72.5%"
"Sep-1999","64.2%","57.3%","71.7%","60.4%","63.1%","65.0%","58.5%","62.9%","51.3%","75.1%","58.0%","72.5%"
"Aug-1999","64.2%","57.3%","71.7%","60.3%","63.2%","65.0%","58.3%","62.9%","51.3%","75.0%","58.1%","72.5%"
"Jul-1999","64.2%","57.3%","71.6%","60.3%","63.1%","65.0%","58.2%","62.8%","51.3%","74.9%","58.0%","72.5%"
"Jun-1999","64.2%","57.3%","71.6%","60.2%","63.1%","65.0%","58.1%","62.9%","51.2%","74.8%","58.0%","72.5%"
"May-1999","64.2%","57.2%","71.6%","60.2%","63.1%","65.0%","58.0%","62.9%","51.2%","74.8%","58.0%","72.5%"
"Apr-1999","64.1%","57.2%","71.6%","60.1%","63.2%","65.0%","57.8%","62.9%","51.2%","74.9%","58.0%","72.5%"
"Mar-1999","64.1%","57.2%","71.7%","60.0%","63.2%","65.0%","57.6%","63.0%","51.3%","74.9%","58.0%","72.5%"
"Feb-1999","64.1%","57.2%","71.6%","60.0%","63.2%","64.9%","57.5%","63.0%","51.2%","74.8%","57.9%","72.4%"
"Jan-1999","64.1%","57.1%","71.6%","59.9%","63.1%","64.9%","57.4%","62.9%","51.1%","74.8%","57.9%","72.4%"
"Dec-1998","64.1%","57.1%","71.6%","59.7%","63.1%","64.9%","57.3%","62.7%","51.0%","74.7%","57.9%","72.4%"
"Nov-1998","64.0%","57.1%","71.6%","59.6%","63.1%","64.9%","57.1%","62.6%","51.0%","74.7%","57.9%","72.4%"
"Oct-1998","64.0%","57.1%","71.6%","59.4%","63.2%","64.9%","56.9%","62.5%","51.1%","74.8%","57.9%","72.4%"
"Sep-1998","64.0%","57.1%","71.5%","59.3%","63.1%","64.9%","56.8%","62.4%","51.0%","74.8%","57.9%","72.4%"
"Aug-1998","64.0%","57.1%","71.5%","59.3%","63.1%","64.9%","56.8%","62.4%","51.0%","74.8%","57.9%","72.4%"
"Jul-1998","64.0%","57.1%","71.5%","59.3%","63.2%","64.9%","56.7%","62.5%","51.0%","74.9%","57.9%","72.4%"
"Jun-1998","64.0%","57.1%","71.5%","59.2%","63.2%","64.9%","56.6%","62.4%","51.0%","74.9%","58.0%","72.4%"
"May-1998","64.0%","57.1%","71.5%","59.0%","63.2%","64.9%","56.5%","62.2%","50.8%","75.0%","58.0%","72.4%"
"Apr-1998","64.0%","57.0%","71.5%","59.0%","63.0%","65.0%","56.4%","62.1%","50.7%","74.9%","58.0%","72.4%"
"Mar-1998","64.0%","57.0%","71.5%","58.9%","62.8%","65.0%","56.3%","62.0%","50.4%","74.7%","58.0%","72.4%"
"Feb-1998","63.9%","57.0%","71.5%","58.7%","62.7%","65.0%","56.2%","61.8%","50.3%","74.7%","58.0%","72.5%"
"Jan-1998","63.9%","56.9%","71.4%","58.6%","62.6%","64.9%","56.0%","61.7%","50.2%","74.6%","58.0%","72.5%"
"Dec-1997","63.8%","56.9%","71.4%","58.4%","62.6%","64.9%","55.9%","61.5%","50.2%","74.5%","57.9%","72.4%"
"Nov-1997","63.8%","56.8%","71.3%","58.3%","62.6%","64.9%","55.7%","61.4%","50.1%","74.6%","57.9%","72.4%"
"Oct-1997","63.7%","56.7%","71.3%","58.2%","62.5%","64.8%","55.6%","61.4%","50.2%","74.5%","57.8%","72.3%"
"Sep-1997","63.7%","56.7%","71.3%","58.2%","62.5%","64.8%","55.6%","61.4%","50.1%","74.5%","57.8%","72.3%"
"Aug-1997","63.7%","56.6%","71.3%","58.0%","62.4%","64.8%","55.4%","61.2%","50.0%","74.4%","57.7%","72.3%"
"Jul-1997","63.6%","56.6%","71.2%","57.9%","62.2%","64.7%","55.2%","61.1%","49.7%","74.3%","57.7%","72.3%"
"Jun-1997","63.6%","56.5%","71.2%","57.8%","62.0%","64.7%","55.1%","61.1%","49.4%","74.2%","57.7%","72.3%"
"May-1997","63.5%","56.5%","71.2%","57.8%","61.7%","64.7%","55.1%","61.1%","49.2%","74.1%","57.6%","72.3%"
"Apr-1997","63.5%","56.4%","71.1%","57.8%","61.5%","64.7%","55.1%","61.1%","48.9%","73.9%","57.6%","72.3%"
"Mar-1997","63.4%","56.3%","71.1%","57.7%","61.3%","64.6%","55.0%","61.0%","48.8%","73.8%","57.5%","72.2%"
"Feb-1997","63.3%","56.2%","71.0%","57.6%","61.1%","64.6%","54.8%","61.0%","48.5%","73.7%","57.5%","72.2%"
"Jan-1997","63.3%","56.2%","71.0%","57.5%","60.9%","64.6%","54.7%","61.0%","48.3%","73.6%","57.5%","72.2%"
"Dec-1996","63.2%","56.1%","71.0%","57.5%","60.7%","64.5%","54.6%","61.1%","48.0%","73.4%","57.4%","72.1%"
"Nov-1996","63.2%","56.0%","70.9%","57.5%","60.4%","64.5%","54.6%","61.1%","47.7%","73.1%","57.3%","72.1%"
"Oct-1996","63.1%","56.0%","70.9%","57.6%","60.2%","64.4%","54.7%","61.1%","47.5%","72.9%","57.3%","72.1%"
"Sep-1996","63.1%","55.9%","70.8%","57.5%","60.0%","64.4%","54.6%","61.1%","47.4%","72.7%","57.2%","72.1%"
"Aug-1996","63.0%","55.9%","70.8%","57.4%","59.9%","64.4%","54.4%","61.1%","47.3%","72.5%","57.2%","72.1%"
"Jul-1996","63.0%","55.8%","70.8%","57.3%","59.8%","64.3%","54.3%","61.0%","47.2%","72.3%","57.2%","72.1%"
"Jun-1996","63.0%","55.8%","70.7%","57.2%","59.8%","64.3%","54.1%","60.9%","47.2%","72.3%","57.2%","72.0%"
"May-1996","62.9%","55.7%","70.7%","57.1%","59.8%","64.3%","54.0%","61.0%","47.3%","72.3%","57.1%","72.0%"
"Apr-1996","62.9%","55.7%","70.7%","57.1%","59.8%","64.3%","53.9%","61.0%","47.3%","72.3%","57.1%","72.0%"
"Mar-1996","62.9%","55.7%","70.7%","57.1%","59.8%","64.3%","53.8%","61.2%","47.3%","72.3%","57.1%","72.0%"
"Feb-1996","62.9%","55.7%","70.7%","57.2%","59.8%","64.3%","53.8%","61.4%","47.3%","72.3%","57.1%","72.0%"
"Jan-1996","62.9%","55.7%","70.8%","57.3%","59.8%","64.3%","53.8%","61.5%","47.4%","72.2%","57.1%","72.0%"
"Dec-1995","62.9%","55.7%","70.8%","57.2%","59.7%","64.3%","53.7%","61.6%","47.3%","72.1%","57.1%","72.1%"
"Nov-1995","63.0%","55.7%","70.9%","57.2%","59.8%","64.4%","53.4%","61.8%","47.4%","72.1%","57.1%","72.1%"
"Oct-1995","63.0%","55.7%","71.0%","57.0%","59.9%","64.4%","53.1%","61.8%","47.4%","72.3%","57.1%","72.2%"
"Sep-1995","63.0%","55.7%","71.0%","57.0%","59.9%","64.4%","53.0%","61.9%","47.4%","72.4%","57.1%","72.2%"
"Aug-1995","63.0%","55.6%","71.0%","57.0%","59.8%","64.4%","53.1%","61.9%","47.3%","72.3%","57.1%","72.2%"
"Jul-1995","63.0%","55.6%","71.0%","57.1%","59.8%","64.4%","53.1%","61.9%","47.3%","72.3%","57.1%","72.2%"
"Jun-1995","62.9%","55.6%","71.0%","57.1%","59.7%","64.3%","53.2%","61.9%","47.2%","72.1%","57.0%","72.2%"
"May-1995","62.9%","55.6%","70.9%","57.0%","59.6%","64.3%","53.2%","61.8%","47.2%","72.0%","57.0%","72.2%"
"Apr-1995","62.9%","55.5%","70.9%","56.9%","59.7%","64.3%","53.0%","61.8%","47.3%","71.9%","57.0%","72.1%"
"Mar-1995","62.8%","55.5%","70.8%","56.8%","59.6%","64.2%","52.8%","61.6%","47.3%","71.8%","56.9%","72.1%"
"Feb-1995","62.7%","55.4%","70.7%","56.6%","59.7%","64.2%","52.7%","61.4%","47.4%","71.8%","56.9%","72.0%"
"Jan-1995","62.7%","55.4%","70.6%","56.4%","59.6%","64.1%","52.5%","61.1%","47.4%","71.8%","56.8%","71.9%"
"Dec-1994","62.6%","55.3%","70.5%","56.2%","59.6%","64.0%","52.4%","60.9%","47.3%","71.8%","56.8%","71.8%"
"Nov-1994","62.5%","55.2%","70.4%","56.1%","59.6%","63.9%","52.4%","60.6%","47.3%","71.8%","56.7%","71.7%"
"Oct-1994","62.4%","55.1%","70.3%","56.0%","59.5%","63.8%","52.4%","60.4%","47.2%","71.6%","56.6%","71.7%"
"Sep-1994","62.3%","55.0%","70.2%","55.9%","59.3%","63.8%","52.3%","60.2%","46.9%","71.5%","56.5%","71.6%"
"Aug-1994","62.2%","54.9%","70.2%","55.8%","59.3%","63.7%","52.2%","60.1%","46.7%","71.7%","56.4%","71.5%"
"Jul-1994","62.2%","54.8%","70.2%","55.7%","59.3%","63.6%","52.1%","60.2%","46.6%","71.8%","56.3%","71.5%"
"Jun-1994","62.1%","54.7%","70.2%","55.6%","59.3%","63.6%","51.9%","60.2%","46.5%","71.9%","56.2%","71.5%"
"May-1994","62.1%","54.6%","70.2%","55.5%","59.3%","63.5%","51.7%","60.1%","46.6%","72.0%","56.1%","71.5%"
"Apr-1994","62.0%","54.6%","70.2%","55.4%","59.3%","63.5%","51.6%","60.0%","46.5%","71.9%","56.0%","71.5%"
"Mar-1994","62.0%","54.4%","70.1%","55.2%","59.3%","63.4%","51.5%","59.8%","46.5%","71.8%","55.9%","71.4%"
"Feb-1994","61.9%","54.4%","70.1%","55.1%","59.2%","63.3%","51.4%","59.8%","46.5%","71.8%","55.8%","71.4%"
"Jan-1994","61.8%","54.2%","70.1%","55.1%","59.2%","63.2%","51.3%","59.8%","46.4%","71.8%","55.7%","71.4%"
"Dec-1993","61.8%","54.2%","70.0%","55.1%","59.2%","63.2%","51.1%","59.9%","46.5%","71.7%","55.6%","71.4%"
"Nov-1993","61.7%","54.1%","70.0%","55.0%","59.1%","63.1%","51.0%","59.9%","46.3%","71.7%","55.5%","71.3%"
"Oct-1993","61.6%","54.0%","70.0%","54.9%","59.0%","63.0%","50.9%","60.0%","46.2%","71.6%","55.4%","71.3%"
"Sep-1993","61.6%","53.9%","69.9%","54.9%","59.0%","63.0%","50.8%","59.9%","46.1%","71.7%","55.3%","71.2%"
"Aug-1993","61.6%","53.9%","69.9%","54.9%","59.0%","62.9%","50.7%","60.0%","46.1%","71.6%","55.3%","71.2%"
"Jul-1993","61.5%","53.8%","69.9%","54.9%","59.0%","62.9%","50.8%","59.9%","46.2%","71.6%","55.2%","71.2%"
"Jun-1993","61.5%","53.8%","69.9%","54.9%","59.0%","62.8%","50.9%","59.9%","46.3%","71.5%","55.1%","71.2%"
"May-1993","61.5%","53.8%","69.9%","55.0%","59.0%","62.8%","50.9%","60.0%","46.4%","71.4%","55.1%","71.2%"
"Apr-1993","61.5%","53.8%","69.9%","54.9%","59.0%","62.8%","50.9%","60.0%","46.5%","71.4%","55.0%","71.2%"
"Mar-1993","61.5%","53.8%","69.9%","55.0%","59.1%","62.8%","50.9%","60.0%","46.5%","71.4%","55.0%","71.2%"
"Feb-1993","61.5%","53.8%","69.9%","55.0%","59.1%","62.8%","50.9%","60.1%","46.6%","71.4%","55.0%","71.1%"
"Jan-1993","61.5%","53.8%","69.9%","54.9%","59.2%","62.7%","50.9%","59.9%","46.7%","71.4%","55.0%","71.1%"
"Dec-1992","61.5%","53.8%","69.9%","55.0%","59.2%","62.7%","50.9%","60.0%","46.9%","71.3%","55.0%","71.1%"
"Nov-1992","61.5%","53.8%","69.8%","55.0%","59.2%","62.7%","50.9%","60.1%","47.0%","71.2%","54.9%","71.1%"
"Oct-1992","61.5%","53.7%","69.9%","55.0%","59.3%","62.7%","50.8%","60.2%","47.2%","71.2%","54.9%","71.1%"
"Sep-1992","61.5%","53.7%","69.9%","55.0%","59.4%","62.7%","50.7%","60.3%","47.4%","71.1%","54.9%","71.1%"
"Aug-1992","61.5%","53.8%","69.9%","55.1%","59.3%","62.7%","50.7%","60.5%","47.4%","71.0%","54.9%","71.2%"
"Jul-1992","61.5%","53.7%","69.9%","55.0%","59.4%","62.7%","50.6%","60.5%","47.5%","71.0%","54.9%","71.2%"
"Jun-1992","61.5%","53.7%","70.0%","55.0%","59.5%","62.7%","50.5%","60.6%","47.5%","71.2%","54.9%","71.2%"
"May-1992","61.5%","53.7%","70.0%","55.0%","59.5%","62.7%","50.5%","60.7%","47.5%","71.4%","54.9%","71.2%"
"Apr-1992","61.5%","53.7%","70.0%","55.1%","59.6%","62.7%","50.5%","60.7%","47.4%","71.5%","54.9%","71.2%"
"Mar-1992","61.5%","53.7%","70.1%","55.2%","59.6%","62.7%","50.6%","60.8%","47.4%","71.7%","54.9%","71.3%"
"Feb-1992","61.6%","53.7%","70.2%","55.3%","59.6%","62.8%","50.7%","61.0%","47.3%","71.6%","54.9%","71.3%"
"Jan-1992","61.6%","53.7%","70.3%","55.4%","59.7%","62.8%","50.7%","61.1%","47.4%","71.8%","54.9%","71.4%"
"Dec-1991","61.7%","53.7%","70.4%","55.5%","59.8%","62.8%","50.8%","61.3%","47.4%","72.0%","54.9%","71.5%"
"Nov-1991","61.7%","53.7%","70.5%","55.5%","59.8%","62.9%","50.8%","61.4%","47.3%","72.1%","54.9%","71.6%"
"Oct-1991","61.8%","53.7%","70.6%","55.6%","59.9%","63.0%","50.9%","61.5%","47.3%","72.3%","54.9%","71.7%"
"Sep-1991","61.9%","53.8%","70.7%","55.8%","60.0%","63.1%","51.1%","61.6%","47.3%","72.5%","55.0%","71.8%"
"Aug-1991","62.0%","53.8%","70.9%","55.7%","60.2%","63.1%","51.0%","61.6%","47.4%","72.8%","55.0%","72.0%"
"Jul-1991","62.1%","53.9%","71.0%","55.8%","60.5%","63.2%","51.1%","61.7%","47.6%","73.1%","55.1%","72.1%"
"Jun-1991","62.2%","54.0%","71.1%","55.8%","60.6%","63.3%","51.0%","61.8%","47.7%","73.3%","55.1%","72.3%"
"May-1991","62.3%","54.0%","71.3%","56.0%","60.9%","63.4%","51.1%","62.0%","48.0%","73.5%","55.2%","72.4%"
"Apr-1991","62.4%","54.1%","71.5%","56.2%","61.1%","63.5%","51.3%","62.3%","48.2%","73.8%","55.2%","72.5%"
"Mar-1991","62.5%","54.1%","71.6%","56.3%","61.3%","63.6%","51.4%","62.4%","48.4%","73.9%","55.2%","72.7%"
"Feb-1991","62.6%","54.2%","71.8%","56.4%","61.5%","63.7%","51.5%","62.5%","48.5%","74.3%","55.2%","72.8%"
"Jan-1991","62.7%","54.3%","71.9%","56.6%","61.7%","63.8%","51.7%","62.6%","48.6%","74.5%","55.3%","73.0%"
"Dec-1990","62.8%","54.3%","72.0%","56.7%","61.9%","63.8%","51.9%","62.7%","48.6%","74.8%","55.3%","73.1%"
"Nov-1990","62.9%","54.4%","72.1%","56.8%","62.1%","63.9%","52.0%","62.7%","48.8%","75.1%","55.3%","73.2%"
"Oct-1990","62.9%","54.5%","72.2%","56.8%","62.2%","63.9%","52.1%","62.6%","49.1%","75.2%","55.4%","73.3%"
"Sep-1990","63.0%","54.5%","72.2%","56.9%","62.3%","64.0%","52.2%","62.6%","49.2%","75.3%","55.4%","73.3%"
"Aug-1990","63.0%","54.5%","72.3%","56.9%","62.3%","64.0%","52.3%","62.6%","49.3%","75.3%","55.4%","73.3%"
"Jul-1990","63.0%","54.5%","72.3%","57.0%","62.3%","64.0%","52.4%","62.6%","49.2%","75.2%","55.3%","73.4%"
"Jun-1990","63.0%","54.5%","72.4%","57.1%","62.2%","64.0%","52.6%","62.7%","49.2%","75.2%","55.3%","73.4%"
"May-1990","63.0%","54.5%","72.4%","57.1%","62.1%","64.0%","52.6%","62.7%","48.9%","75.3%","55.3%","73.5%"
"Apr-1990","63.0%","54.5%","72.4%","57.1%","62.0%","64.0%","52.5%","62.7%","48.9%","75.2%","55.2%","73.5%"
"Mar-1990","63.0%","54.4%","72.5%","57.0%","62.0%","64.0%","52.4%","62.7%","48.9%","75.2%","55.2%","73.6%"
"Feb-1990","63.0%","54.4%","72.5%","57.0%","62.0%","64.0%","52.3%","62.6%","48.9%","75.3%","55.2%","73.6%"
"Jan-1990","63.0%","54.4%","72.5%","56.9%","62.2%","63.9%","52.2%","62.7%","49.0%","75.6%","55.1%","73.5%"
"Dec-1989","63.0%","54.4%","72.5%","56.9%","62.2%","63.9%","52.1%","62.7%","49.0%","75.6%","55.1%","73.5%"
"Nov-1989","63.0%","54.3%","72.4%","56.9%","62.2%","63.9%","52.1%","62.7%","48.9%","75.8%","55.1%","73.5%"
"Oct-1989","62.9%","54.3%","72.4%","56.9%","62.3%","63.9%","52.1%","62.8%","48.9%","75.9%","55.1%","73.4%"
"Sep-1989","62.9%","54.3%","72.4%","56.9%","62.3%","63.8%","52.1%","62.8%","48.9%","76.0%","55.0%","73.4%"
"Aug-1989","62.9%","54.2%","72.4%","57.0%","62.4%","63.8%","52.1%","62.9%","49.0%","76.2%","54.9%","73.4%"
"Jul-1989","62.8%","54.1%","72.4%","57.0%","62.5%","63.7%","52.1%","63.0%","49.1%","76.1%","54.8%","73.4%"
"Jun-1989","62.7%","54.0%","72.3%","56.9%","62.5%","63.6%","52.0%","62.9%","49.1%","76.1%","54.8%","73.3%"
"May-1989","62.7%","53.9%","72.3%","56.8%","62.5%","63.6%","51.8%","62.8%","49.2%","76.0%","54.7%","73.3%"
"Apr-1989","62.6%","53.8%","72.2%","56.6%","62.3%","63.5%","51.6%","62.8%","48.9%","75.9%","54.6%","73.2%"
"Mar-1989","62.5%","53.7%","72.2%","56.5%","62.2%","63.5%","51.4%","62.8%","48.7%","75.8%","54.5%","73.2%"
"Feb-1989","62.4%","53.7%","72.1%","56.4%","62.0%","63.4%","51.3%","62.7%","48.7%","75.5%","54.5%","73.1%"
"Jan-1989","62.4%","53.6%","72.1%","56.3%","61.9%","63.3%","51.2%","62.6%","48.7%","75.3%","54.4%","73.1%"
"Dec-1988","62.3%","53.4%","72.0%","56.3%","61.9%","63.2%","51.1%","62.6%","48.8%","75.3%","54.2%","73.1%"
"Nov-1988","62.2%","53.4%","72.0%","56.2%","61.9%","63.2%","51.1%","62.6%","48.8%","75.2%","54.1%","73.0%"
"Oct-1988","62.2%","53.3%","72.0%","56.2%","61.8%","63.1%","51.0%","62.5%","48.8%","75.0%","54.0%","73.0%"
"Sep-1988","62.1%","53.2%","72.0%","56.2%","61.7%","63.0%","51.0%","62.5%","48.7%","74.9%","53.9%","73.0%"
"Aug-1988","62.0%","53.1%","71.9%","56.1%","61.5%","63.0%","50.9%","62.4%","48.6%","74.7%","53.8%","73.0%"
"Jul-1988","62.0%","53.0%","71.9%","56.1%","61.5%","62.9%","50.9%","62.4%","48.5%","74.7%","53.8%","72.9%"
"Jun-1988","62.0%","53.0%","71.8%","56.0%","61.3%","62.9%","50.8%","62.4%","48.4%","74.6%","53.7%","72.9%"
"May-1988","61.9%","52.9%","71.8%","56.0%","61.2%","62.8%","50.9%","62.3%","48.2%","74.4%","53.6%","72.8%"
"Apr-1988","61.9%","52.9%","71.7%","56.0%","61.2%","62.8%","50.9%","62.2%","48.2%","74.4%","53.6%","72.8%"
"Mar-1988","61.8%","52.8%","71.6%","55.9%","61.2%","62.7%","50.9%","62.1%","48.4%","74.3%","53.5%","72.7%"
"Feb-1988","61.7%","52.7%","71.6%","55.8%","61.2%","62.6%","50.8%","62.1%","48.2%","74.3%","53.4%","72.7%"
"Jan-1988","61.6%","52.6%","71.6%","55.8%","60.9%","62.5%","50.7%","62.0%","48.0%","74.2%","53.3%","72.6%"
"Dec-1987","61.6%","52.5%","71.5%","55.6%","60.7%","62.5%","50.5%","61.9%","47.6%","74.0%","53.2%","72.6%"
"Nov-1987","61.5%","52.4%","71.5%","55.5%","60.4%","62.4%","50.3%","61.9%","47.4%","73.8%","53.1%","72.6%"
"Oct-1987","61.4%","52.3%","71.4%","55.3%","60.3%","62.3%","50.1%","61.7%","47.2%","73.7%","53.0%","72.5%"
"Sep-1987","61.3%","52.2%","71.3%","55.1%","60.1%","62.3%","49.9%","61.6%","47.0%","73.5%","53.0%","72.5%"
"Aug-1987","61.3%","52.2%","71.3%","55.0%","60.0%","62.3%","49.8%","61.4%","46.8%","73.3%","52.9%","72.5%"
"Jul-1987","61.2%","52.1%","71.2%","54.7%","59.8%","62.2%","49.5%","61.1%","46.7%","73.2%","52.8%","72.5%"
"Jun-1987","61.1%","52.0%","71.2%","54.5%","59.7%","62.1%","49.3%","60.9%","46.6%","73.1%","52.8%","72.4%"
"May-1987","61.1%","51.9%","71.2%","54.4%","59.6%","62.1%","49.2%","60.9%","46.4%","73.0%","52.7%","72.4%"
"Apr-1987","61.0%","51.8%","71.1%","54.4%","59.3%","62.0%","49.2%","60.9%","46.1%","72.9%","52.6%","72.4%"
"Mar-1987","60.9%","51.7%","71.1%","54.4%","59.2%","62.0%","49.2%","60.9%","45.7%","73.0%","52.5%","72.3%"
"Feb-1987","60.8%","51.6%","71.0%","54.4%","59.0%","61.9%","49.1%","60.9%","45.4%","72.9%","52.4%","72.3%"
"Jan-1987","60.8%","51.5%","71.0%","54.3%","58.8%","61.8%","49.1%","60.8%","45.1%","72.8%","52.3%","72.3%"
"Dec-1986","60.7%","51.4%","71.0%","54.3%","58.6%","61.8%","49.1%","60.8%","44.9%","72.6%","52.3%","72.3%"
"Nov-1986","60.7%","51.4%","71.0%","54.2%","58.5%","61.8%","49.0%","60.7%","44.8%","72.5%","52.2%","72.3%"
"Oct-1986","60.7%","51.3%","71.0%","54.1%","58.3%","61.8%","48.9%","60.6%","44.6%","72.3%","52.2%","72.3%"
"Sep-1986","60.6%","51.2%","71.0%","54.1%","58.2%","61.7%","48.8%","60.5%","44.4%","72.3%","52.1%","72.3%"
"Aug-1986","60.6%","51.1%","71.0%","54.0%","58.2%","61.7%","48.7%","60.6%","44.4%","72.4%","52.0%","72.3%"
"Jul-1986","60.5%","51.0%","71.0%","54.0%","58.1%","61.6%","48.7%","60.7%","44.2%","72.5%","51.8%","72.3%"
"Jun-1986","60.4%","50.9%","71.0%","54.0%","58.0%","61.5%","48.6%","60.6%","44.0%","72.4%","51.7%","72.3%"
"May-1986","60.4%","50.8%","71.0%","53.9%","57.9%","61.5%","48.6%","60.5%","43.8%","72.4%","51.6%","72.3%"
"Apr-1986","60.3%","50.7%","71.0%","53.8%","57.9%","61.4%","48.5%","60.4%","43.8%","72.4%","51.5%","72.3%"
"Mar-1986","60.3%","50.6%","71.0%","53.7%","57.8%","61.4%","48.4%","60.3%","43.8%","72.3%","51.4%","72.4%"
"Feb-1986","60.3%","50.6%","71.0%","53.6%","57.8%","61.4%","48.4%","60.1%","43.9%","72.2%","51.4%","72.4%"
"Jan-1986","60.3%","50.6%","71.0%","53.5%","57.9%","61.4%","48.3%","60.0%","44.0%","72.3%","51.3%","72.4%"
"Dec-1985","60.2%","50.5%","71.0%","53.5%","57.9%","61.3%","48.3%","59.9%","44.1%","72.3%","51.2%","72.4%"
"Nov-1985","60.2%","50.4%","71.0%","53.4%","58.0%","61.3%","48.2%","59.9%","44.3%","72.3%","51.2%","72.4%"
"Oct-1985","60.1%","50.3%","71.0%","53.5%","58.0%","61.2%","48.2%","60.0%","44.3%","72.4%","51.0%","72.3%"
"Sep-1985","60.1%","50.3%","71.0%","53.5%","58.0%","61.1%","48.2%","60.0%","44.3%","72.5%","50.9%","72.3%"
"Aug-1985","60.0%","50.2%","70.9%","53.4%","57.9%","61.1%","48.2%","60.0%","44.4%","72.3%","50.8%","72.3%"
"Jul-1985","60.0%","50.1%","70.9%","53.4%","57.9%","61.0%","48.2%","59.9%","44.5%","72.2%","50.8%","72.3%"
"Jun-1985","60.0%","50.1%","71.0%","53.3%","57.9%","61.0%","48.1%","59.8%","44.6%","72.1%","50.7%","72.4%"
"May-1985","60.0%","50.1%","71.0%","53.2%","57.9%","61.1%","48.0%","59.8%","44.7%","72.0%","50.7%","72.5%"
"Apr-1985","60.0%","50.0%","71.0%","53.2%","57.9%","61.0%","47.9%","59.8%","44.8%","72.0%","50.7%","72.4%"
"Mar-1985","59.9%","50.0%","70.9%","53.0%","57.8%","61.0%","47.7%","59.6%","44.7%","72.0%","50.6%","72.4%"
"Feb-1985","59.8%","49.8%","70.9%","52.9%","57.6%","60.9%","47.5%","59.6%","44.6%","71.9%","50.5%","72.3%"
"Jan-1985","59.7%","49.7%","70.8%","52.8%","57.5%","60.9%","47.3%","59.6%","44.5%","71.9%","50.4%","72.3%"
"Dec-1984","59.7%","49.6%","70.8%","52.6%","57.5%","60.8%","47.0%","59.4%","44.5%","72.0%","50.3%","72.2%"
"Nov-1984","59.6%","49.5%","70.7%","52.3%","57.4%","60.7%","46.7%","59.3%","44.4%","71.8%","50.2%","72.2%"
"Oct-1984","59.5%","49.4%","70.6%","52.1%","57.2%","60.6%","46.4%","59.1%","44.3%","71.7%","50.2%","72.1%"
"Sep-1984","59.4%","49.3%","70.5%","51.8%","57.1%","60.6%","46.1%","58.9%","44.1%","71.6%","50.1%","72.0%"
"Aug-1984","59.3%","49.3%","70.4%","51.6%","56.9%","60.5%","45.9%","58.6%","43.9%","71.5%","50.1%","71.9%"
"Jul-1984","59.2%","49.2%","70.2%","51.3%","56.7%","60.4%","45.7%","58.4%","43.7%","71.3%","50.1%","71.8%"
"Jun-1984","59.0%","49.1%","70.1%","51.2%","56.5%","60.3%","45.5%","58.2%","43.5%","71.1%","49.9%","71.6%"
"May-1984","58.9%","48.9%","69.9%","51.0%","56.3%","60.1%","45.3%","58.0%","43.2%","70.9%","49.8%","71.5%"
"Apr-1984","58.7%","48.7%","69.7%","50.7%","56.1%","60.0%","45.1%","57.7%","43.0%","70.7%","49.6%","71.3%"
"Mar-1984","58.5%","48.6%","69.5%","50.5%","55.9%","59.8%","44.9%","57.5%","42.9%","70.5%","49.5%","71.1%"
"Feb-1984","58.3%","48.4%","69.3%","50.3%","55.7%","59.6%","44.7%","57.2%","42.6%","70.3%","49.3%","70.9%"
"Jan-1984","58.2%","48.3%","69.1%","50.0%","55.5%","59.4%","44.6%","56.8%","42.4%","70.2%","49.2%","70.7%"
"Dec-1983","58.0%","48.2%","68.9%","49.9%","55.3%","59.3%","44.5%","56.6%","42.1%","70.0%","49.1%","70.5%"
"Nov-1983","57.9%","48.1%","68.8%","49.7%","55.1%","59.2%","44.4%","56.3%","41.8%","69.8%","49.0%","70.3%"
"Oct-1983","57.7%","48.0%","68.6%","49.6%","54.9%","59.0%","44.4%","56.1%","41.6%","69.6%","48.8%","70.2%"
"Sep-1983","57.7%","47.9%","68.5%","49.5%","54.7%","58.9%","44.4%","55.9%","41.5%","69.4%","48.7%","70.1%"
"Aug-1983","57.6%","47.8%","68.5%","49.4%","54.6%","58.9%","44.3%","55.7%","41.3%","69.3%","48.7%","70.1%"
"Jul-1983","57.5%","47.7%","68.4%","49.4%","54.4%","58.8%","44.3%","55.7%","41.2%","69.1%","48.6%","70.1%"
"Jun-1983","57.5%","47.7%","68.4%","49.3%","54.2%","58.8%","44.2%","55.6%","41.1%","68.8%","48.6%","70.1%"
"May-1983","57.5%","47.7%","68.4%","49.3%","54.2%","58.8%","44.3%","55.5%","41.1%","68.6%","48.6%","70.1%"
"Apr-1983","57.6%","47.7%","68.5%","49.3%","54.2%","58.9%","44.2%","55.6%","41.2%","68.6%","48.6%","70.2%"
"Mar-1983","57.6%","47.7%","68.7%","49.4%","54.4%","59.0%","44.2%","55.8%","41.3%","68.7%","48.6%","70.3%"
"Feb-1983","57.7%","47.8%","68.8%","49.4%","54.6%","59.0%","44.2%","55.9%","41.6%","68.9%","48.6%","70.5%"
"Jan-1983","57.8%","47.8%","69.0%","49.5%","54.8%","59.1%","44.2%","56.1%","41.7%","69.1%","48.6%","70.7%"
"Dec-1982","57.9%","47.8%","69.2%","49.7%","55.0%","59.2%","44.3%","56.3%","41.9%","69.3%","48.6%","70.8%"
"Nov-1982","58.0%","47.8%","69.3%","49.8%","55.3%","59.3%","44.4%","56.5%","42.0%","69.6%","48.6%","71.0%"
"Oct-1982","58.1%","47.9%","69.5%","50.0%","55.6%","59.4%","44.6%","56.7%","42.3%","69.9%","48.6%","71.2%"
"Sep-1982","58.2%","47.9%","69.7%","50.2%","55.8%","59.5%","44.8%","57.0%","42.4%","70.2%","48.7%","71.4%"
"Aug-1982","58.3%","47.9%","69.9%","50.4%","56.0%","59.5%","44.8%","57.3%","42.5%","70.5%","48.6%","71.5%"
"Jul-1982","58.4%","47.9%","70.1%","50.5%","56.3%","59.6%","44.8%","57.5%","42.5%","71.0%","48.6%","71.7%"
"Jun-1982","58.5%","47.9%","70.4%","50.6%","56.6%","59.7%","44.9%","57.7%","42.6%","71.5%","48.6%","71.9%"
"May-1982","58.6%","47.9%","70.5%","50.7%","56.9%","59.8%","45.0%","57.9%","42.7%","72.0%","48.6%","72.1%"
"Apr-1982","58.7%","47.9%","70.7%","50.9%","57.1%","59.9%","45.0%","58.2%","42.9%","72.3%","48.6%","72.2%"
"Mar-1982","58.8%","48.0%","70.9%","51.1%","57.3%","60.0%","45.2%","58.5%","43.1%","72.5%","48.6%","72.4%"
"Feb-1982","58.9%","48.1%","71.1%","51.3%","57.3%","60.1%","45.3%","58.7%","43.0%","72.5%","48.7%","72.6%"
"Jan-1982","59.0%","48.1%","71.2%","51.4%","57.5%","60.2%","45.4%","58.9%","43.2%","72.6%","48.7%","72.7%"
"Dec-1981","59.1%","48.1%","71.3%","51.5%","57.6%","60.2%","45.4%","59.1%","43.3%","72.7%","48.8%","72.9%"
"Nov-1981","59.2%","48.1%","71.5%","51.6%","57.6%","60.3%","45.5%","59.3%","43.4%","72.8%","48.8%","73.0%"
"Oct-1981","59.2%","48.1%","71.5%","51.7%","57.7%","60.3%","45.4%","59.5%","43.4%","72.9%","48.7%","73.0%"
"Sep-1981","59.2%","48.1%","71.6%","51.7%","57.7%","60.3%","45.4%","59.6%","43.3%","72.9%","48.7%","73.1%"
"Aug-1981","59.2%","48.1%","71.6%","51.8%","57.6%","60.3%","45.4%","59.6%","43.3%","72.9%","48.7%","73.1%"
"Jul-1981","59.2%","48.0%","71.6%","51.9%","57.6%","60.3%","45.6%","59.7%","43.3%","72.9%","48.6%","73.1%"
"Jun-1981","59.2%","48.0%","71.6%","52.0%","57.5%","60.2%","45.6%","59.8%","43.2%","72.9%","48.5%","73.1%"
"May-1981","59.1%","47.9%","71.7%","52.0%","57.5%","60.2%","45.7%","60.0%","43.2%","73.0%","48.4%","73.1%"
"Apr-1981","59.1%","47.8%","71.7%","52.1%","57.4%","60.1%","45.8%","60.0%","43.1%","72.9%","48.3%","73.1%"
"Mar-1981","59.1%","47.8%","71.7%","52.1%","57.3%","60.1%","45.7%","60.0%","42.8%","73.0%","48.3%","73.1%"
"Feb-1981","59.1%","47.7%","71.8%","52.2%","57.4%","60.1%","45.8%","60.2%","42.8%","73.2%","48.2%","73.2%"
"Jan-1981","59.2%","47.7%","71.9%","52.3%","57.4%","60.2%","45.8%","60.3%","42.6%","73.4%","48.2%","73.3%"
"Dec-1980","59.2%","47.7%","72.0%","52.4%","57.6%","60.2%","45.9%","60.4%","42.6%","73.7%","48.2%","73.4%"
"Nov-1980","59.3%","47.8%","72.2%","52.5%","57.8%","60.3%","46.0%","60.7%","42.6%","74.1%","48.3%","73.6%"
"Oct-1980","59.4%","47.8%","72.4%","52.7%","57.8%","60.4%","46.1%","60.9%","42.6%","74.2%","48.3%","73.7%"
"Sep-1980","59.5%","47.8%","72.5%","52.9%","57.9%","60.5%","46.3%","61.2%","42.7%","74.4%","48.3%","73.9%"
"Aug-1980","59.6%","47.9%","72.7%","53.2%","58.1%","60.6%","46.3%","61.6%","42.8%","74.7%","48.3%","74.0%"
"Jul-1980","59.7%","47.9%","73.0%","53.3%","58.3%","60.7%","46.3%","62.0%","42.8%","74.9%","48.3%","74.2%"
"Jun-1980","59.9%","47.9%","73.2%","53.5%","58.4%","60.8%","46.3%","62.4%","42.9%","75.3%","48.3%","74.4%"
"May-1980","60.0%","47.9%","73.4%","53.7%","58.5%","60.9%","46.4%","62.7%","42.8%","75.4%","48.3%","74.6%"
"Apr-1980","60.0%","47.9%","73.6%","53.8%","58.4%","60.9%","46.3%","63.0%","42.6%","75.6%","48.3%","74.8%"
"Mar-1980","60.1%","47.8%","73.7%","53.9%","58.5%","60.9%","46.4%","63.2%","42.6%","75.7%","48.2%","74.9%"
"Feb-1980","60.1%","47.8%","73.8%","54.0%","58.5%","61.0%","46.5%","63.3%","42.7%","75.7%","48.2%","75.0%"
"Jan-1980","60.1%","47.7%","73.9%","54.1%","58.6%","61.0%","46.5%","63.4%","42.8%","75.8%","48.1%","75.1%"
"Dec-1979","60.1%","47.7%","74.0%","54.1%","58.5%","61.0%","46.4%","63.5%","42.8%","75.8%","48.0%","75.2%"
"Nov-1979","60.1%","47.6%","74.0%","54.1%","58.5%","61.0%","46.4%","63.6%","42.8%","75.7%","48.0%","75.2%"
"Oct-1979","60.1%","47.5%","74.1%","54.1%","58.5%","60.9%","46.3%","63.7%","42.8%","75.8%","47.9%","75.3%"
"Sep-1979","60.1%","47.5%","74.2%","54.1%","58.6%","60.9%","46.2%","63.7%","43.0%","75.8%","47.8%","75.3%"
"Aug-1979","60.1%","47.4%","74.1%","54.1%","58.6%","60.9%","46.3%","63.6%","43.0%","75.8%","47.7%","75.3%"
"Jul-1979","60.0%","47.3%","74.2%","54.0%","58.6%","60.8%","46.3%","63.5%","42.9%","75.8%","47.6%","75.4%"
"Jun-1979","59.9%","47.2%","74.1%","53.9%","58.4%","60.8%","46.2%","63.5%","42.7%","75.7%","47.5%","75.3%"
"May-1979","59.9%","47.1%","74.1%","53.9%","58.4%","60.7%","46.2%","63.4%","42.6%","75.7%","47.4%","75.3%"
"Apr-1979","59.9%","47.1%","74.1%","53.9%","58.2%","60.7%","46.2%","63.4%","42.5%","75.6%","47.4%","75.3%"
"Mar-1979","59.8%","47.0%","74.1%","53.9%","58.1%","60.6%","46.1%","63.4%","42.4%","75.4%","47.3%","75.3%"
"Feb-1979","59.7%","46.9%","74.0%","53.8%","57.9%","60.5%","46.0%","63.4%","42.2%","75.3%","47.1%","75.3%"
"Jan-1979","59.6%","46.7%","73.9%","53.8%","57.6%","60.4%","46.0%","63.4%","41.9%","75.0%","47.0%","75.2%"
"Dec-1978","59.5%","46.6%","73.9%","53.7%","57.3%","60.3%","45.9%","63.4%","41.6%","74.8%","46.9%","75.1%"